"Reference","Value","Datasheet","Footprint","Qty","DNP"
"C1,C5,C12,C36","1u","","Capacitor_SMD:C_0603_1608Metric_Pad1.08x0.95mm_HandSolder","4",""
"C2,C6,C7,C8,C9,C13,C16,C19,C20,C21,C37,C38,C39","0.1u","","Capacitor_SMD:C_0603_1608Metric_Pad1.08x0.95mm_HandSolder","13",""
"C3,C17,C18","1n","","Capacitor_SMD:C_0603_1608Metric_Pad1.08x0.95mm_HandSolder","3",""
"C10,C11,C14,C15","0.01u","","Capacitor_THT:C_Axial_L3.8mm_D2.6mm_P7.50mm_Horizontal","4",""
"C23,C24,C25,C26,C29,C30,C31,C32","2.2n","","Capacitor_THT:C_Rect_L7.0mm_W4.5mm_P5.00mm","8",""
"C28","330u 25v","","Capacitor_SMD:CP_Elec_10x10","1",""
"C33,C34","10u","","Capacitor_SMD:C_1206_3216Metric_Pad1.33x1.80mm_HandSolder","2",""
"D1,D3,D4,D5,D6","1s1588","","Diode_SMD:D_0603_1608Metric_Pad1.05x0.95mm_HandSolder","5",""
"D2","STEREO-LED","","LED_THT:LED_D3.0mm","1",""
"J1","MPX-IN","","Connector_PinHeader_2.54mm:PinHeader_1x03_P2.54mm_Vertical","1",""
"J2","OUT-L","","Connector_PinHeader_2.54mm:PinHeader_1x03_P2.54mm_Vertical","1",""
"J3,J5,J7","GND","","Connector_PinHeader_2.54mm:PinHeader_1x03_P2.54mm_Vertical","3",""
"J4","OUT-R","","Connector_PinHeader_2.54mm:PinHeader_1x03_P2.54mm_Vertical","1",""
"J6","5V","","Connector_PinHeader_2.54mm:PinHeader_1x03_P2.54mm_Vertical","1",""
"Q1,Q2,Q3","2SC1815","https://media.digikey.com/pdf/Data%20Sheets/Toshiba%20PDFs/2SC1815.pdf","Package_TO_SOT_THT:TO-92_Inline","3",""
"R1","43k","","Resistor_SMD:R_0603_1608Metric_Pad0.98x0.95mm_HandSolder","1",""
"R2,R3","470k","","Resistor_SMD:R_0603_1608Metric_Pad0.98x0.95mm_HandSolder","2",""
"R4,R7,R9,R24,R26,R27,R32,R33,R35,R36,R37,R38,R39,R40,R41,R42,R45,R46,RV1","10k","","Potentiometer_THT:Potentiometer_Bourns_3386P_Vertical,Resistor_SMD:R_0603_1608Metric_Pad0.98x0.95mm_HandSolder","19",""
"R5,R10,R43,R44,R47,R48,R53,R54,R55,R56","4.7k","","Resistor_SMD:R_0603_1608Metric_Pad0.98x0.95mm_HandSolder","10",""
"R6,R16,R23","47","","Resistor_SMD:R_0603_1608Metric_Pad0.98x0.95mm_HandSolder","3",""
"R8","20k","","Resistor_SMD:R_0603_1608Metric_Pad0.98x0.95mm_HandSolder","1",""
"R11,R12,R20,R21,R30,R31,R34,R50,R51","100k","","Resistor_SMD:R_0603_1608Metric_Pad0.98x0.95mm_HandSolder","9",""
"R13,R28","1k","","Resistor_SMD:R_0603_1608Metric_Pad0.98x0.95mm_HandSolder","2",""
"R14","680k","","Resistor_SMD:R_0603_1608Metric_Pad0.98x0.95mm_HandSolder","1",""
"R15,R22","7.5k","","Resistor_SMD:R_0603_1608Metric_Pad0.98x0.95mm_HandSolder","2",""
"R17","5.1k","","Resistor_SMD:R_0603_1608Metric_Pad0.98x0.95mm_HandSolder","1",""
"R18","1.5k","","Resistor_SMD:R_0603_1608Metric_Pad0.98x0.95mm_HandSolder","1",""
"R19,R25","15k","","Resistor_SMD:R_0603_1608Metric_Pad0.98x0.95mm_HandSolder","2",""
"RV2","5k","","Potentiometer_THT:Potentiometer_Bourns_3386P_Vertical","1",""
"TP1","19KHz-Sin","","TestPoint:TestPoint_Loop_D2.54mm_Drill1.5mm_Beaded","1",""
"TP3","19KHz-Rect","","TestPoint:TestPoint_Loop_D2.54mm_Drill1.5mm_Beaded","1",""
"TP5","38KHz-PLL","","TestPoint:TestPoint_Loop_D2.54mm_Drill1.5mm_Beaded","1",""
"TP6","PILOT-V","","TestPoint:TestPoint_Loop_D2.54mm_Drill1.5mm_Beaded","1",""
"TP7","VCO","","TestPoint:TestPoint_Loop_D2.54mm_Drill1.5mm_Beaded","1",""
"U1","CD4066BE","https://www.ti.com/lit/ds/symlink/cd4066b.pdf","Package_DIP:DIP-14_W7.62mm_Socket_LongPads","1",""
"U2","4046","https://assets.nexperia.com/documents/data-sheet/HEF4046B.pdf","Package_DIP:DIP-16_W7.62mm_Socket_LongPads","1",""
"U3,U6,U7","upc458","","Package_DIP:DIP-14_W7.62mm_Socket_LongPads","3",""
"U4","74HC74","https://assets.nexperia.com/documents/data-sheet/74HC_HCT74.pdf","Package_DIP:DIP-14_W7.62mm_Socket_LongPads","1",""
"U5","LM393","http://www.ti.com/lit/ds/symlink/lm393.pdf","Package_DIP:DIP-8_W7.62mm_Socket_LongPads","1",""
"U8","NJM4558","http://www.njr.com/semicon/PDF/NJM4558_NJM4559_E.pdf","Package_DIP:DIP-8_W7.62mm_Socket_LongPads","1",""
