"Reference","Qty","Value","DNP","Exclude from BOM","Exclude from Board","Footprint","Datasheet"
"C1,C18,C24,C30","4","1u","","","","Capacitor_SMD:C_0603_1608Metric_Pad1.08x0.95mm_HandSolder",""
"C2,C3,C4,C5","4","0.01u","","","","Capacitor_THT:C_Axial_L3.8mm_D2.6mm_P7.50mm_Horizontal",""
"C6,C7,C9,C19,C25,C26,C27,C28,C29,C31","10","0.1u","","","","Capacitor_SMD:C_0603_1608Metric_Pad1.08x0.95mm_HandSolder",""
"C8","1","1n","","","","Capacitor_SMD:C_0603_1608Metric_Pad1.08x0.95mm_HandSolder",""
"C10,C11,C13,C14,C20,C21,C22,C23","8","3.3n","","","","Capacitor_SMD:C_0603_1608Metric_Pad1.08x0.95mm_HandSolder",""
"C12,C15,C16,C17","4","10u","","","","Capacitor_SMD:C_1210_3225Metric_Pad1.33x2.70mm_HandSolder",""
"C33","1","330u 25v","","","","Capacitor_SMD:CP_Elec_10x10",""
"D1","1","1s1588","","","","Diode_SMD:D_0603_1608Metric_Pad1.05x0.95mm_HandSolder",""
"D2","1","STEREO-LED","","","","LED_THT:LED_D3.0mm",""
"J1","1","MPX-IN","","","","Connector_PinHeader_2.54mm:PinHeader_1x03_P2.54mm_Vertical",""
"J2","1","OUT-L","","","","Connector_PinHeader_2.54mm:PinHeader_1x03_P2.54mm_Vertical",""
"J3","1","OUT-R","","","","Connector_PinHeader_2.54mm:PinHeader_1x03_P2.54mm_Vertical",""
"J4,J6,J7","3","GND","","","","Connector_PinHeader_2.54mm:PinHeader_1x03_P2.54mm_Vertical",""
"J5","1","5V","","","","Connector_PinHeader_2.54mm:PinHeader_1x03_P2.54mm_Vertical",""
"Q1,Q2","2","2SC1815","","","","Package_TO_SOT_THT:TO-92_Inline","https://media.digikey.com/pdf/Data%20Sheets/Toshiba%20PDFs/2SC1815.pdf"
"R1,R3","2","7.5k","","","","Resistor_SMD:R_0603_1608Metric_Pad0.98x0.95mm_HandSolder",""
"R2,R4","2","15k","","","","Resistor_SMD:R_0603_1608Metric_Pad0.98x0.95mm_HandSolder",""
"R5,R6,R13,R17,R18,R24,R25,R32,R33","9","100k","","","","Resistor_SMD:R_0603_1608Metric_Pad0.98x0.95mm_HandSolder",""
"R7,R9,R10,R21,R43,R44,R45","7","10k","","","","Resistor_SMD:R_0603_1608Metric_Pad0.98x0.95mm_HandSolder",""
"R8","1","20k","","","","Resistor_SMD:R_0603_1608Metric_Pad0.98x0.95mm_HandSolder",""
"R11,R46","2","1k","","","","Resistor_SMD:R_0603_1608Metric_Pad0.98x0.95mm_HandSolder",""
"R12,R14","2","4.7k","","","","Resistor_SMD:R_0603_1608Metric_Pad0.98x0.95mm_HandSolder",""
"R15,R16","2","39","","","","Resistor_SMD:R_0603_1608Metric_Pad0.98x0.95mm_HandSolder",""
"R19,R20,R22,R23,R26,R27,R30,R31","8","3.3k","","","","Resistor_SMD:R_0603_1608Metric_Pad0.98x0.95mm_HandSolder",""
"R28","1","5.1k","","","","Resistor_SMD:R_0603_1608Metric_Pad0.98x0.95mm_HandSolder",""
"R29","1","1.6k","","","","Resistor_SMD:R_0603_1608Metric_Pad0.98x0.95mm_HandSolder",""
"R34,R35,R36,R37,R38,R39,R40,R41,R42","9","47k","","","","Resistor_SMD:R_0603_1608Metric_Pad0.98x0.95mm_HandSolder",""
"RV1","1","2k","","","","Potentiometer_THT:Potentiometer_Bourns_3386P_Vertical",""
"TP1","1","19KHz-Sin","","","","Connector_PinHeader_1.00mm:PinHeader_1x01_P1.00mm_Vertical",""
"TP2","1","19KHz-Rect","","","","Connector_PinHeader_1.00mm:PinHeader_1x01_P1.00mm_Vertical",""
"TP3","1","38KHz-PLL","","","","Connector_PinHeader_1.00mm:PinHeader_1x01_P1.00mm_Vertical",""
"TP4","1","L+R","","","","Connector_PinHeader_1.00mm:PinHeader_1x01_P1.00mm_Vertical",""
"TP5","1","L-R","","","","Connector_PinHeader_1.00mm:PinHeader_1x01_P1.00mm_Vertical",""
"TP6","1","PILOT-V","","","","Connector_PinHeader_1.00mm:PinHeader_1x01_P1.00mm_Vertical",""
"TP7","1","VCO","","","","Connector_PinHeader_1.00mm:PinHeader_1x01_P1.00mm_Vertical",""
"U2","1","LM393","","","","Package_DIP:DIP-8_W7.62mm_Socket_LongPads","http://www.ti.com/lit/ds/symlink/lm393.pdf"
"U3","1","4046","","","","Package_DIP:DIP-16_W7.62mm_Socket_LongPads","https://assets.nexperia.com/documents/data-sheet/HEF4046B.pdf"
"U4","1","74HC74","","","","Package_DIP:DIP-14_W7.62mm_Socket_LongPads","https://assets.nexperia.com/documents/data-sheet/74HC_HCT74.pdf"
"U5,U8,U9","3","HA17902","","","","Package_DIP:DIP-14_W7.62mm_Socket_LongPads",""
"U6","1","CD4066BE","","","","Package_DIP:DIP-14_W7.62mm_Socket_LongPads","https://www.ti.com/lit/ds/symlink/cd4066b.pdf"
