Designator,Mid X,Mid Y,Rotation,Layer
C10,11.1252,25.6551,90.0,bottom
C13,27.69675,5.3549,90.0,top
C14,19.14695,5.3373,90.0,top
C17,22.4039,18.542,180.0,top
C18,34.544,24.4856,270.0,top
C19,30.8356,41.1469,270.0,bottom
C20,28.448,37.0351,90.0,top
C21,23.4685,50.449,270.0,top
C22,24.9428,37.0351,90.0,top
C23,26.3144,45.1612,0.0,bottom
C24,26.9748,42.2656,180.0,bottom
C25,13.2796,44.14,90.0,bottom
C26,46.3936,53.594,180.0,bottom
C27,9.8552,48.9739,270.0,top
C28,18.3388,39.2711,90.0,top
C29,30.5308,47.5526,180.0,top
C3,17.1704,50.7503,90.0,top
C30,19.9633,41.0491,270.0,top
C31,26.7197,50.449,270.0,top
C32,23.8252,43.688,270.0,bottom
C33,46.3936,53.594,180.0,top
C34,6.4516,56.0955,90.0,top
C35,20.0783,56.896,0.0,top
C36,48.4621,29.0096,180.0,top
C37,56.5912,30.0753,270.0,top
C38,29.6683,23.114,180.0,bottom
C4,32.42115,8.7585,90.0,bottom
C40,17.5768,18.4923,90.0,top
C41,19.4564,19.3841,90.0,top
C42,39.6229,30.8864,0.0,top
C43,47.1435,44.2976,0.0,top
C5,25.1979,31.6484,0.0,top
C50,41.7453,10.922,180.0,bottom
C7,36.94235,6.3223,90.0,top
D2,37.0726,12.2428,0.0,top
J1,8.5852,21.5392,90.0,top
J2,6.4008,64.8462,0.0,top
J3,64.4144,6.5024,270.0,top
J4,21.6916,64.8462,0.0,top
J5,29.5148,64.8462,0.0,top
J6,64.3636,66.7512,90.0,top
J7,13.8938,64.8462,0.0,top
Q3,50.3276,34.6188,270.0,top
Q4,46.5176,34.6188,90.0,top
Q5,59.1668,34.6188,270.0,top
Q6,55.306,34.6216,90.0,top
R1,42.15935,6.9577,270.0,bottom
R12,21.6935,30.0228,0.0,top
R13,25.1987,30.0228,0.0,top
R2,38.56795,6.3231,270.0,top
R22,18.9484,27.4301,270.0,bottom
R23,17.3228,25.6013,270.0,bottom
R24,35.3587,29.1592,0.0,top
R28,37.0313,9.144,0.0,top
R30,49.3795,38.3568,0.0,top
R31,58.2695,38.306,0.0,top
R33,48.4651,30.5844,180.0,top
R34,45.466,30.0275,270.0,top
R35,58.2168,30.0783,270.0,top
R36,53.6956,30.9908,180.0,top
R38,17.6765,32.9692,180.0,top
R39,15.0876,33.8855,90.0,top
R4,13.7172,50.7407,270.0,top
R40,30.1752,37.0351,270.0,top
R41,36.6268,44.5008,180.0,top
R42,26.7208,37.0351,90.0,top
R43,25.0941,50.449,270.0,top
R44,11.99,50.7388,270.0,top
R45,9.958,44.1367,90.0,bottom
R46,12.4803,38.3032,0.0,top
R47,15.0876,37.3907,90.0,top
R48,11.6344,44.1329,270.0,bottom
R49,14.9364,44.1367,90.0,bottom
R5,15.4444,50.7407,90.0,top
R50,30.4789,43.6937,90.0,top
R51,21.6397,46.2845,270.0,top
R52,8.128,48.9731,270.0,top
R53,16.7132,39.2703,90.0,top
R54,28.3961,50.449,270.0,top
R55,21.6397,42.6774,270.0,top
R58,8.9916,38.3032,0.0,top
R60,27.5336,24.0303,270.0,top
R61,29.1592,24.0303,270.0,top
R62,28.4461,20.7302,180.0,top
R63,23.8233,16.6116,180.0,top
R64,20.3727,16.6116,180.0,top
R66,35.052,31.7989,270.0,top
R67,40.1847,44.45,0.0,top
R68,44.3484,43.3813,90.0,top
R69,47.1443,42.5704,0.0,top
R70,38.8093,29.1592,0.0,bottom
R71,27.5336,27.432,270.0,top
R72,23.5693,24.9428,180.0,bottom
R80,29.972,18.2353,270.0,top
R81,41.0483,14.6304,0.0,bottom
R82,41.0483,13.0048,180.0,bottom
R83,35.2533,19.812,0.0,top
R84,28.3972,18.2353,270.0,top
R85,23.8233,13.7668,0.0,bottom
RV1,45.8436,5.0292,0.0,top
RV2,9.8044,33.4552,270.0,top
TP10,20.1168,11.7348,0.0,top
TP11,31.8008,29.3624,0.0,top
TP12,32.6136,13.716,0.0,top
TP3,26.924,1.9304,0.0,top
TP5,32.512,2.032,0.0,top
TP6,27.0256,13.6144,0.0,top
TP7,38.6588,17.1196,0.0,top
TP8,38.354,49.4284,0.0,top
TP9,14.8844,14.5288,0.0,top
U1,36.322,38.4556,90.0,top
U2,23.2664,24.3332,0.0,top
U3,37.26485,6.9198,90.0,bottom
U4,38.1254,24.449,0.0,top
U5,27.76175,8.3532,90.0,bottom
U6,26.0801,43.6866,0.0,top
U7,13.2796,44.14,0.0,top
U8,23.2664,19.4056,90.0,bottom
U9,19.28515,8.3312,90.0,bottom
