"Reference","Value","Footprint","Qty"
"C1,C6,C7,C9,C13,C16,C17,C18,C19,C24,C25,C26","0.1u","Capacitor_SMD:C_0603_1608Metric_Pad1.08x0.95mm_HandSolder","12"
"C2,C3,C5,C10","1u","Capacitor_SMD:C_0603_1608Metric_Pad1.08x0.95mm_HandSolder","4"
"C4","1n","Capacitor_SMD:C_0603_1608Metric_Pad1.08x0.95mm_HandSolder","1"
"C8","1uF","Capacitor_SMD:C_0603_1608Metric_Pad1.08x0.95mm_HandSolder","1"
"C11,C12,C14,C15","0.01u","Capacitor_SMD:C_0805_2012Metric_Pad1.18x1.45mm_HandSolder","4"
"C20,C21","470p","Capacitor_SMD:C_0603_1608Metric_Pad1.08x0.95mm_HandSolder","2"
"C22,C23","390p","Capacitor_SMD:C_0603_1608Metric_Pad1.08x0.95mm_HandSolder","2"
"C27,C28","4700p","Capacitor_SMD:C_0603_1608Metric_Pad1.08x0.95mm_HandSolder","2"
"C29,C30","1200p","Capacitor_SMD:C_0603_1608Metric_Pad1.08x0.95mm_HandSolder","2"
"C31,C32","180p","Capacitor_SMD:C_0603_1608Metric_Pad1.08x0.95mm_HandSolder","2"
"C33","330u 25v","Capacitor_SMD:CP_Elec_10x10","1"
"C34,C35","10u","Capacitor_SMD:C_1206_3216Metric_Pad1.33x1.80mm_HandSolder","2"
"D1","1N4148WSSMD","Diode_SMD:D_0603_1608Metric_Pad1.05x0.95mm_HandSolder","1"
"D2","STEREO-LED","LED_SMD:LED_0603_1608Metric_Pad1.05x0.95mm_HandSolder","1"
"J1","MPX-IN","Connector_PinHeader_2.54mm:PinHeader_1x03_P2.54mm_Vertical","1"
"J2","OUT-L","Connector_PinHeader_2.54mm:PinHeader_1x03_P2.54mm_Vertical","1"
"J3,J5,J7","GND","Connector_PinHeader_2.54mm:PinHeader_1x03_P2.54mm_Vertical","3"
"J4","OUT-R","Connector_PinHeader_2.54mm:PinHeader_1x03_P2.54mm_Vertical","1"
"J6","5V","Connector_PinHeader_2.54mm:PinHeader_1x03_P2.54mm_Vertical","1"
"Q1,Q2,Q3,Q4,Q5,Q6","2N3904","Package_TO_SOT_SMD:SOT-23_Handsoldering","6"
"R1","43k","Resistor_SMD:R_0603_1608Metric_Pad0.98x0.95mm_HandSolder","1"
"R2,R6,R7","470k","Resistor_SMD:R_0603_1608Metric_Pad0.98x0.95mm_HandSolder","3"
"R3,R10","470","Resistor_SMD:R_0603_1608Metric_Pad0.98x0.95mm_HandSolder","2"
"R4,R5,R12,R13,R18,R19,R22,R23","100k","Resistor_SMD:R_0603_1608Metric_Pad0.98x0.95mm_HandSolder","8"
"R8,R24,R32,R33,R34,R35,R36,R37,R38,R39,R44,R45,R46,R47,R48,R49,R52,R53","10k","Resistor_SMD:R_0603_1608Metric_Pad0.98x0.95mm_HandSolder","18"
"R9,R11","4.7k","Resistor_SMD:R_0603_1608Metric_Pad0.98x0.95mm_HandSolder","2"
"R14,R28,R30,R31","1k","Resistor_SMD:R_0603_1608Metric_Pad0.98x0.95mm_HandSolder","4"
"R15","680k","Resistor_SMD:R_0603_1608Metric_Pad0.98x0.95mm_HandSolder","1"
"R16","47k","Resistor_SMD:R_0603_1608Metric_Pad0.98x0.95mm_HandSolder","1"
"R17","2.2k","Resistor_SMD:R_0603_1608Metric_Pad0.98x0.95mm_HandSolder","1"
"R20","2.4k","Resistor_SMD:R_0603_1608Metric_Pad0.98x0.95mm_HandSolder","1"
"R21,R27","47","Resistor_SMD:R_0603_1608Metric_Pad0.98x0.95mm_HandSolder","2"
"R25,R29","15k","Resistor_SMD:R_0603_1608Metric_Pad0.98x0.95mm_HandSolder","2"
"R26","7.5k","Resistor_SMD:R_0603_1608Metric_Pad0.98x0.95mm_HandSolder","1"
"R40,R41,R42,R43,R50,R51,R54,R55","22k","Resistor_SMD:R_0603_1608Metric_Pad0.98x0.95mm_HandSolder","8"
"RV1","10k","Potentiometer_SMD:Potentiometer_Bourns_3314G_Vertical","1"
"RV2","5k","Potentiometer_SMD:Potentiometer_Bourns_3314G_Vertical","1"
"TP1","19KHz-Sin","TestPoint:TestPoint_Pad_2.5x2.5mm","1"
"TP2","19KHz-Rect","TestPoint:TestPoint_Pad_2.5x2.5mm","1"
"TP3","38KHz-PLL","TestPoint:TestPoint_Pad_2.5x2.5mm","1"
"TP4","PILOT-V","TestPoint:TestPoint_Pad_2.5x2.5mm","1"
"TP5","VCO","TestPoint:TestPoint_Pad_2.5x2.5mm","1"
"U1","TC4066BFELNF","Package_SO:SOIC-14_3.9x8.7mm_P1.27mm","1"
"U2,U6,U7","NJM2747V","Package_SO:SSOP-14_5.3x6.2mm_P0.65mm","3"
"U3","74HC4046APW","Package_SO:TSSOP-16_4.4x5mm_P0.65mm","1"
"U4","LM393","Package_SO:SOIC-8_3.9x4.9mm_P1.27mm","1"
"U5","74HC74D","Package_SO:SOIC-14_3.9x8.7mm_P1.27mm","1"
