Designator,Footprint,Quantity,Value,LCSC Part #
"C1, C18, C24, C30",0603,4,1u,
"C10, C11, C13, C14, C20, C21, C22, C23",0603,8,3.3n,
"C12, C15, C16, C17",1210,4,10u,
"C19, C25, C26, C27, C28, C29, C31, C6, C7, C9",0603,10,0.1u,
"C2, C3, C4, C5",C_Axial_L3.8mm_D2.6mm_P7.50mm_Horizontal,4,0.01u,
C33,CP_Elec_10x10,1,330u 25v,
C8,0603,1,1n,
D1,0603,1,1s1588,
D2,LED_D3.0mm,1,STEREO-LED,
J1,PinHeader_1x03_P2.54mm_Vertical,1,MPX-IN,
J2,PinHeader_1x03_P2.54mm_Vertical,1,OUT-L,
J3,PinHeader_1x03_P2.54mm_Vertical,1,OUT-R,
"J4, J6, J7",PinHeader_1x03_P2.54mm_Vertical,3,GND,
J5,PinHeader_1x03_P2.54mm_Vertical,1,5V,
"Q1, Q2",TO-92_Inline,2,2SC1815,
"R1, R3",0603,2,7.5k,
"R10, R21, R43, R44, R45, R7, R9",0603,7,10k,
"R11, R46",0603,2,1k,
"R12, R14",0603,2,4.7k,
"R13, R17, R18, R24, R25, R32, R33, R5, R6",0603,9,100k,
"R15, R16",0603,2,39,
"R19, R20, R22, R23, R26, R27, R30, R31",0603,8,3.3k,
"R2, R4",0603,2,15k,
R28,0603,1,5.1k,
R29,0603,1,1.6k,
"R34, R35, R36, R37, R38, R39, R40, R41, R42",0603,9,47k,
R8,0603,1,20k,
RV1,Potentiometer_Bourns_3386P_Vertical,1,2k,
TP1,PinHeader_1x01_P1.00mm_Vertical,1,19KHz-Sin,
TP2,PinHeader_1x01_P1.00mm_Vertical,1,19KHz-Rect,
TP3,PinHeader_1x01_P1.00mm_Vertical,1,38KHz-PLL,
TP4,PinHeader_1x01_P1.00mm_Vertical,1,L+R,
TP5,PinHeader_1x01_P1.00mm_Vertical,1,L-R,
TP6,PinHeader_1x01_P1.00mm_Vertical,1,PILOT-V,
TP7,PinHeader_1x01_P1.00mm_Vertical,1,VCO,
U2,DIP-8_W7.62mm_Socket_LongPads,1,LM393,
U3,DIP-16_W7.62mm_Socket_LongPads,1,4046,
U4,DIP-14_W7.62mm_Socket_LongPads,1,74HC74,
"U5, U8, U9",DIP-14_W7.62mm_Socket_LongPads,3,HA17902,
U6,DIP-14_W7.62mm_Socket_LongPads,1,CD4066BE,
